Workbook

Sheet Instructions
A1: Hyper-V Renaissance TCO Calculator
A3: Purpose:
A4: Compare Total Cost of Ownership across VMware, Azure Local, and Hyper-V.
A6: How to Use:
A7: 1. Go to 'Inputs' sheet and modify blue cells with your values
A8: 2. Check 'Summary' sheet for side-by-side comparison
A9: 3. Review individual platform sheets for detailed breakdowns
A11: Color Coding:
A12: • Blue text = Input cells (editable)
A13: • Black text = Formulas (calculated)
A14: • Yellow = Key results
A16: Disclaimer:
... A20: Repository: github.com/thisismydemo/hyper-v-renaissance

Sheet Inputs
A1: INFRASTRUCTURE INPUTS
A2: Number of Hosts | B2: 3 | C2: hosts
A3: CPUs per Host | B3: 2 | C3: CPUs
A4: Cores per CPU | B4: 24 | C4: cores
A5: Windows VMs | B5: 50 | C5: VMs
A6: Linux VMs | B6: 10 | C6: VMs
A7: Users Accessing Servers | B7: 75 | C7: users
A8: Evaluation Period | B8: 5 | C8: years
A10: CALCULATED VALUES
A11: Total Physical Cores | B11: =B2*B3*B4 -> 144 | C11: cores
A12: VMware Licensed Cores (72 min) | B12: =MAX(B11,72) -> 144 | C12: cores | D12: VMware enforces 72-core minimum
A14: VMWARE PRICING
A15: VVF Price ($/core/year) | B15: 190 | D15: vSphere Foundation
A16: VCF Price ($/core/year) | B16: 350 | D16: Cloud Foundation (includes NSX)
A17: Selected Product (VVF or VCF) | B17: VVF
A19: AZURE LOCAL PRICING
A20: Host Service Fee ($/core/month) | B20: 10
A21: WS Subscription ($/core/month) | B21: 23 | D21: For Windows guest licensing
A22: Has Azure Hybrid Benefit? (Yes/No) | B22: No | D22: Requires WS Datacenter with active SA
A24: WINDOWS SERVER PRICING
A25: WS Datacenter 16-core pack ($) | B25: 6771 | D25: List price - adjust for your discount
A26: WS Datacenter 2-core pack ($) | B26: 847
A27: Software Assurance Rate (%/year) | B27: 0.2
A28: Include Software Assurance? (Yes/No) | B28: Yes
A29: User CAL Price ($) | B29: 46
A30: Device CAL Price ($) | B30: 38
A31: CAL Type (User or Device) | B31: User
A32: Volume Discount (%) | B32: 0.15 | D32: Your negotiated discount (0-40% typical)

Sheet VMware TCO
A1: VMware vSphere/Cloud Foundation TCO
A3: Configuration
A4: Licensed Cores | B4: =Inputs!B12 -> 144
A5: Per-Core Price | B5: =IF(Inputs!B17="VCF",Inputs!B16,Inputs!B15) -> 190
A6: VMware Annual Subscription | B6: =B4*B5 -> 27360
A8: Windows Server Guest Licensing
A9: WS Datacenter License (for guests) | B9: ='Hyper-V TCO'!B7 -> 60979
A10: WS SA Annual | B10: =B9*Inputs!B27 -> 12195.8
A11: CALs (one-time) | B11: =IF(Inputs!B31="User",Inputs!B7*Inputs!B29,Inputs!B7*Inputs!B30) -> 3450
A13: 5-Year TCO
A14: Component | B14: Year 1 | C14: Year 2 | D14: Year 3 | E14: Year 4 | F14: Year 5 | G14: Total
A15: VMware Subscription | B15: =B6 -> 27360 | C15: =B6 -> 27360 | D15: =B6 -> 27360 | E15: =B6 -> 27360 | F15: =B6 -> 27360 | G15: =SUM(B15:F15) -> 136800
A16: WS Datacenter License | B16: =B9 -> 60979 | C16: 0 | D16: 0 | E16: 0 | F16: 0 | G16: =SUM(B16:F16) -> 60979
A17: WS Software Assurance | B17: =B10 -> 12195.8 | C17: =B10 -> 12195.8 | D17: =B10 -> 12195.8 | E17: =B10 -> 12195.8 | F17: =B10 -> 12195.8 | G17: =SUM(B17:F17) -> 60979
A18: Windows Server CALs | B18: =B11 -> 3450 | C18: 0 | D18: 0 | E18: 0 | F18: 0 | G18: =SUM(B18:F18) -> 3450
A19: TOTAL VMware TCO | B19: =SUM(B15:B18) -> 103984.8 | C19: =SUM(C15:C18) -> 39555.8 | D19: =SUM(D15:D18) -> 39555.8 | E19: =SUM(E15:E18) -> 39555.8 | F19: =SUM(F15:F18) -> 39555.8 | G19: =SUM(G15:G18) -> 262208

Sheet Azure Local TCO
A1: Azure Local TCO
A3: Configuration
A4: Total Cores | B4: =Inputs!B11 -> 144
A5: Host Fee Annual | B5: =B4*Inputs!B20*12 -> 17280
A6: WS Subscription Annual | B6: =B4*Inputs!B21*12 -> 39744
A7: Azure Hybrid Benefit? | B7: =Inputs!B22 -> No
A9: WITHOUT Azure Hybrid Benefit
A10: Component | B10: Year 1 | C10: Year 2 | D10: Year 3 | E10: Year 4 | F10: Year 5 | G10: Total
A11: Azure Local Host Fee | B11: =$B$5 -> 17280 | C11: =$B$5 -> 17280 | D11: =$B$5 -> 17280 | E11: =$B$5 -> 17280 | F11: =$B$5 -> 17280 | G11: =SUM(B11:F11) -> 86400
A12: Windows Server Subscription | B12: =$B$6 -> 39744 | C12: =$B$6 -> 39744 | D12: =$B$6 -> 39744 | E12: =$B$6 -> 39744 | F12: =$B$6 -> 39744 | G12: =SUM(B12:F12) -> 198720
A13: TOTAL (No AHB) | B13: =SUM(B11:B12) -> 57024 | C13: =SUM(C11:C12) -> 57024 | D13: =SUM(D11:D12) -> 57024 | E13: =SUM(E11:E12) -> 57024 | F13: =SUM(F11:F12) -> 57024 | G13: =SUM(G11:G12) -> 285120
A15: WITH Azure Hybrid Benefit
A16: (Host fee and WS subscription waived; SA still required)
A17: Component | B17: Year 1 | C17: Year 2 | D17: Year 3 | E17: Year 4 | F17: Year 5 | G17: Total
A18: WS Datacenter SA (for AHB eligibility) | B18: ='Hyper-V TCO'!B7*Inputs!B27 -> 12195.8 | C18: ='Hyper-V TCO'!B7*Inputs!B27 -> 12195.8 | D18: ='Hyper-V TCO'!B7*Inputs!B27 -> 12195.8 | E18: ='Hyper-V TCO'!B7*Inputs!B27 -> 12195.8 | F18: ='Hyper-V TCO'!B7*Inputs!B27 -> 12195.8 | G18: =SUM(B18:F18) -> 60979
A19: TOTAL (With AHB) | B19: =B18 -> 12195.8 | C19: =C18 -> 12195.8 | D19: =D18 -> 12195.8 | E19: =E18 -> 12195.8 | F19: =F18 -> 12195.8 | G19: =G18 -> 60979
A21: YOUR AZURE LOCAL TCO | B21: =IF(B7="Yes",G19,G13) -> 285120

Sheet Hyper-V TCO
A1: Windows Server 2025 Hyper-V TCO
A3: License Calculation
A4: Total Cores | B4: =Inputs!B11 -> 144
A5: 16-core packs needed | B5: =CEILING(B4/16,1) -> 9
A6: Additional 2-core packs | B6: =MAX(0,CEILING((B4-16)/2,1)-0) -> 64
A7: WS Datacenter License (before discount) | B7: =IF(B4<=16,Inputs!B25,Inputs!B25+B6*Inputs!B26) -> 60979
A8: WS Datacenter License (after discount) | B8: =B7*(1-Inputs!B32) -> 51832.15
A9: Annual SA | B9: =B8*Inputs!B27 -> 10366.43
A10: CALs (one-time) | B10: =IF(Inputs!B31="User",Inputs!B7*Inputs!B29,Inputs!B7*Inputs!B30) -> 3450
A12: WITH Software Assurance
A13: Component | B13: Year 1 | C13: Year 2 | D13: Year 3 | E13: Year 4 | F13: Year 5 | G13: Total
A14: WS Datacenter License | B14: =$B$8 -> 51832.15 | C14: 0 | D14: 0 | E14: 0 | F14: 0 | G14: =SUM(B14:F14) -> 51832.15
A15: Software Assurance | B15: =$B$9 -> 10366.43 | C15: =$B$9 -> 10366.43 | D15: =$B$9 -> 10366.43 | E15: =$B$9 -> 10366.43 | F15: =$B$9 -> 10366.43 | G15: =SUM(B15:F15) -> 51832.15
A16: Windows Server CALs | B16: =$B$10 -> 3450 | C16: 0 | D16: 0 | E16: 0 | F16: 0 | G16: =SUM(B16:F16) -> 3450
A17: TOTAL (With SA) | B17: =SUM(B14:B16) -> 65648.58 | C17: =SUM(C14:C16) -> 10366.43 | D17: =SUM(D14:D16) -> 10366.43 | E17: =SUM(E14:E16) -> 10366.43 | F17: =SUM(F14:F16) -> 10366.43 | G17: =SUM(G14:G16) -> 107114.3
A19: WITHOUT Software Assurance
A20: Component | B20: Year 1 | C20: Year 2 | D20: Year 3 | E20: Year 4 | F20: Year 5 | G20: Total
A21: WS Datacenter License | B21: =$B$8 -> 51832.15 | C21: 0 | D21: 0 | E21: 0 | F21: 0 | G21: =SUM(B21:F21) -> 51832.15
A22: Windows Server CALs | B22: =$B$10 -> 3450 | C22: 0 | D22: 0 | E22: 0 | F22: 0 | G22: =SUM(B22:F22) -> 3450
A23: TOTAL (No SA) | B23: =SUM(B21:B22) -> 55282.15 | C23: =SUM(C21:C22) -> 0 | D23: =SUM(D21:D22) -> 0 | E23: =SUM(E21:E22) -> 0 | F23: =SUM(F21:F22) -> 0 | G23: =SUM(G21:G22) -> 55282.15
A25: YOUR HYPER-V TCO | B25: =IF(Inputs!B28="Yes",G17,G23) -> 107114.3

Sheet Summary
A1: TCO Comparison Summary
A3: Your Configuration
A4: Hosts | B4: =Inputs!B2 -> 3
A5: Total Cores | B5: =Inputs!B11 -> 144
A6: Windows VMs | B6: =Inputs!B5 -> 50
A7: Users | B7: =Inputs!B7 -> 75
A8: Evaluation Period | B8: =Inputs!B8&" years" -> 5 years
A10: 5-Year TCO Comparison
A11: Platform | B11: 5-Year TCO | C11: Annual Avg | D11: vs Hyper-V | E11: Notes
A12: VMware (VVF/VCF) | B12: ='VMware TCO'!G19 -> 262208 | C12: =B12/Inputs!B8 -> 52441.6 | D12: =(B12-B15)/B15 -> 1.4479271 | E12: Subscription + WS licensing
A13: Azure Local (no AHB) | B13: ='Azure Local TCO'!G13 -> 285120 | C13: =B13/Inputs!B8 -> 57024 | D13: =(B13-B15)/B15 -> 1.6618295 | E13: Full subscription pricing
A14: Azure Local (with AHB) | B14: ='Azure Local TCO'!G19 -> 60979 | C14: =B14/Inputs!B8 -> 12195.8 | D14: =(B14-B15)/B15 -> -0.43071093 | E14: Requires existing WS DC + SA
A15: Hyper-V (with SA) | B15: ='Hyper-V TCO'!G17 -> 107114.3 | C15: =B15/Inputs!B8 -> 21422.86 | D15: Baseline | E15: Perpetual + maintenance
A16: Hyper-V (no SA) | B16: ='Hyper-V TCO'!G23 -> 55282.15 | C16: =B16/Inputs!B8 -> 11056.43 | D16: =(B16-B15)/B15 -> -0.48389571 | E16: Perpetual only
A18: Savings Analysis
A19: 5-Year Savings vs VMware | B19: =B12-B15 -> 155093.7
A20: Annual Savings vs VMware | B20: =B19/Inputs!B8 -> 31018.74
A22: Migration ROI
A23: Estimated Migration Cost | B23: 12000 | C23: (edit this)
A24: Payback Period (months) | B24: =IF(B20>0,ROUND(B23/(B20/12),1),0) -> 4.6
A25: 5-Year Net Benefit | B25: =B19-B23 -> 143093.7
